{
  "feature_names": [
    "Octave",
    "Velocity_Level",
    "Previous_Finger",
    "Hand_Span_Requirement",
    "Sequence_Similarity_Score",
    "MFCC_1",
    "MFCC_2",
    "MFCC_3",
    "MFCC_4",
    "MFCC_5",
    "MFCC_6",
    "MFCC_7",
    "MFCC_8",
    "MFCC_9",
    "MFCC_10",
    "MFCC_11",
    "MFCC_12",
    "MFCC_13",
    "Pitch_Class_A",
    "Pitch_Class_A#",
    "Pitch_Class_B",
    "Pitch_Class_C",
    "Pitch_Class_C#",
    "Pitch_Class_D",
    "Pitch_Class_D#",
    "Pitch_Class_E",
    "Pitch_Class_F",
    "Pitch_Class_F#",
    "Pitch_Class_G",
    "Pitch_Class_G#",
    "Hand_Assignment_Left",
    "Hand_Assignment_Right",
    "Note_Type_Arpeggio",
    "Note_Type_Chord",
    "Note_Type_Repeated",
    "Note_Type_Single",
    "Interval_Type_Leap",
    "Interval_Type_Skip",
    "Interval_Type_Step",
    "Note_Duration_Eighth",
    "Note_Duration_Half",
    "Note_Duration_Quarter",
    "Note_Duration_Sixteenth",
    "Note_Duration_Whole",
    "Position_Shift_No",
    "Position_Shift_Yes",
    "Estimated_Hand_Strain_High",
    "Estimated_Hand_Strain_Low",
    "Estimated_Hand_Strain_Medium",
    "Transition_Cost_Level_High",
    "Transition_Cost_Level_Low",
    "Transition_Cost_Level_Medium"
  ],
  "numeric_cols": [
    "Octave",
    "Velocity_Level",
    "Previous_Finger",
    "Hand_Span_Requirement",
    "Sequence_Similarity_Score",
    "MFCC_1",
    "MFCC_2",
    "MFCC_3",
    "MFCC_4",
    "MFCC_5",
    "MFCC_6",
    "MFCC_7",
    "MFCC_8",
    "MFCC_9",
    "MFCC_10",
    "MFCC_11",
    "MFCC_12",
    "MFCC_13"
  ],
  "scaler_mean": [
    4.02775,
    78.1235,
    3.05425,
    5.97,
    0.59704025,
    -0.012784124999999997,
    -0.0032729749999999944,
    0.0009293500000000012,
    0.018751250000000004,
    0.0010735749999999946,
    -0.01704325,
    -0.014742525,
    -0.019077450000000006,
    -0.022450124999999998,
    -0.0030792249999999975,
    0.015168175000000004,
    -0.0027337249999999967,
    0.009950124999999997
  ],
  "scaler_scale": [
    2.008974847403521,
    28.13663533100573,
    1.412730313081729,
    3.1221947408834065,
    0.23029340987083738,
    1.0188089331717132,
    0.991337779357848,
    1.0214969798993914,
    0.9953501679551963,
    0.9914118439600262,
    0.9786191030960092,
    1.00856561667505,
    0.9959721041557827,
    0.9928521119179756,
    0.9977431598141374,
    0.9880092715125043,
    1.0247597568260203,
    0.9900450765747912
  ],
  "input_size": 52
}